4,Dr.,Michael,White,7,6,1983,Michael.White@i.org
13,Mrs.,Rosalinda,Grimes,1,3,1970,Rosalinda.Grimes@tC8pcU7Lt.edu,
15,Ms.,Tonya,,NULL,12,1969
49,Mr.,Steven,Venable,13,6,1961,Steven.Venable@0hA90vhfK7k9F4h.com,
79,Miss,Sandi,Tran,10,6,1937,Sandi.Tran@myikqStif1Q.edu,
111,Dr.,Allen,Merritt,19,4,1937,Allen.Merritt@3fsiZ.edu
121,Mrs.,,4,NULL,NULL
141,Sir,Roberto,Johnson,24,6,1934,Roberto.Johnson@Ix1LO6c.org
144,Dr.,Cecil,Patterson,12,1,1963,Cecil.Patterson@PG48D3r9RkzS5cHF.org,
160,Ms.,Jeanne,Fisher,25,12,1966,Jeanne.Fisher@o89qHfPiE4GRTPHU.org,
184,Mr.,Clifford,Flynn,8,1,1964,Clifford.Flynn@xj7u.org
217,Dr.,James,Lackey,24,6,1933,James.Lackey@tqHuV9.edu
218,Sir,Cody,Fowler,19,1,1961,Cody.Fowler@C4PEjdXI1cvZVkupF.edu
240,Mrs.,Carrie,NULL,NULL,1941
275,Mrs.,Janice,Kirby,16,2,1949,Janice.Kirby@qx.edu
337,Dr.,Matthew,Lee,9,12,1988,Matthew.Lee@UeRGgyKn6aOSfnqt.com,
342,,Tolbert,NULL,11,1988
353,Mr.,Michael,Littleton,11,8,1947,Michael.Littleton@AmSlxMG1ejNx.edu,
381,Dr.,Colby,Robinson,12,6,1973,Colby.Robinson@51vtQ.edu
394,Ms.,Brenda,Miner,8,5,1979,Brenda.Miner@8L.edu
398,Mrs.,Albert,Keller,27,5,1926,Albert.Keller@6lOVZ3e1hBQux0d.edu
405,Ms.,Penelope,Wooten,7,11,1990,Penelope.Wooten@QlblIrPvGkkPU3j.org
416,Dr.,Chester,Velazquez,25,2,1982,Chester.Velazquez@X8rPXKUpfpdvuF5.edu
435,Mrs.,Doris,Ward,15,11,1942,Doris.Ward@JL3sAguFtP.edu
442,Miss,Shelley,Giordano,19,10,1962,Shelley.Giordano@R9hV.edu
448,Miss,Lynda,Lee,30,10,1949,Lynda.Lee@IZ4mo.com
467,Sir,Russell,Gentry,8,10,1968,Russell.Gentry@P3DzsF2l1G2GZnc.com,
494,Sir,Jason,Martin,8,10,1987,Jason.Martin@Rl4IggVJgCqV6.edu,
516,Mr.,James,Burch,22,3,1985,James.Burch@VLTdUSFmSxSAi.com
528,Mrs.,Tammara,Somerville,1,11,1971,Tammara.Somerville@XgC31.org,
530,Sir,Herbert,Beach,27,7,1938,Herbert.Beach@HsiGbC3T.edu,
532,,24,NULL,1980,Perry.Adkins@ymlg.org
558,,White,NULL,NULL,1925,Bill.White@PeqbqmCsN.edu
577,Sir,Dewey,Miranda,4,1,1971,Dewey.Miranda@4Y.org,
591,Dr.,Eldon,Arroyo,17,4,1989,Eldon.Arroyo@Mm1D.org
670,Sir,Russell,Greer,10,10,1933,Russell.Greer@atEUGmuvNe.edu,
693,Dr.,Loren,Harrell,20,9,1928,Loren.Harrell@6fPrjlrUpEelq.com
696,Ms.,Joanne,Eaton,1,11,1940,Joanne.Eaton@2k0.org,
726,Miss,Nellie,Clay,26,12,1932,Nellie.Clay@m9IsRVO.edu
735,Mr.,Steve,Carroll,15,3,1986,Steve.Carroll@TIjD1.org
748,Mr.,Blair,Allen,19,5,1935,Blair.Allen@4XZqy5ahUq.edu,
763,Dr.,James,Byrd,29,10,1932,James.Byrd@Cv.com
773,Sir,Paul,Martinez,24,2,1949,Paul.Martinez@tcNq.org,
775,Miss,Althea,Young,14,10,1946,Althea.Young@C0gT997poTRVx5P.edu,
778,Ms.,Pamela,Johnson,27,4,1924,Pamela.Johnson@R0qS7KpREi.org
784,Sir,Joseph,Wilson,9,6,1943,Joseph.Wilson@M4YRQ7dFgl5lL.com
809,,Waldron,NULL,NULL,NULL
839,Miss,Cherise,Welsh,29,9,1935,Cherise.Welsh@ug9mx9kfueuIbc.com,
844,Ms.,Michele,Michael,9,9,1937,Michele.Michael@hyhonYcMd3xo08.org,
918,Mrs.,Kerrie,Rodgers,12,12,1934,Kerrie.Rodgers@t.edu,
943,Dr.,Douglas,Johnson,22,4,1932,Douglas.Johnson@Gd43TbSM.org,
957,Dr.,Kimberly,Simpson,29,3,1928,Kimberly.Simpson@R9ApuIYFK.com,
1036,Dr.,Phillip,Gore,8,6,1950,Phillip.Gore@Ns7fgfm.edu
1044,Sir,Patrick,Cook,4,9,1931,Patrick.Cook@9kugAyME2j1xV.org,
1053,Mr.,Robert,Rogers,12,1,1992,Robert.Rogers@RradqLOdsEVNIM.org,
1070,Ms.,Lillian,Ward,14,11,1966,Lillian.Ward@R.edu,
1085,Ms.,Arthur,Smith,23,1,1971,Arthur.Smith@OqFCe6.org
1214,Ms.,Andrew,Mcintyre,25,7,1931,Andrew.Mcintyre@uMcvo84lVeuURLka.edu,
1285,Dr.,Mark,Blankenship,7,11,1951,Mark.Blankenship@xoXVUguBsy.org
1312,Dr.,William,Kinney,4,7,1960,William.Kinney@OOJ9TcfB2p.edu
1360,Mrs.,Alberta,Green,30,1,1952,Alberta.Green@XmtUtui1.com,
1377,Sir,Henry,Driscoll,14,3,1985,Henry.Driscoll@L6Q8r8qazxv.edu,
1381,Dr.,Dorothy,Scott,26,2,1951,Dorothy.Scott@FHhCjlaZaFi.edu
1505,Dr.,Conrad,Perez,10,10,1933,Conrad.Perez@h7IHPQqiF4Np1.org,
1547,Mr.,Jerry,Mccants,30,7,1964,Jerry.Mccants@136ouG0f2Vf8gEfQA.com
1595,Mrs.,Sarah,Hall,16,12,1946,Sarah.Hall@zc0.org,
1618,Sir,Justin,Erickson,7,7,1977,Justin.Erickson@UgACaYkl7TifQM34.org,
1637,Miss,Doris,Dawson,30,12,1958,Doris.Dawson@FZmPJpkEXCz.edu,
1650,Dr.,Larry,Harrison,18,3,1950,Larry.Harrison@aNRZ.com
1689,Dr.,Josefa,Hofmann,12,11,1927,Josefa.Hofmann@MVubR70YOvp.org,
1693,Miss,Priscilla,Williams,6,9,1934,Priscilla.Williams@GCVEzjat.org
1696,Sir,William,Smith,12,6,1974,William.Smith@3zrBnCai8UaVUcHFx.org
1773,Mr.,William,Brown,10,5,1982,William.Brown@BGlTFJQpoo.edu,
1778,Dr.,Thomas,Hoag,30,11,1968,Thomas.Hoag@7QCCNG2ZSc9K0B.edu,
1784,Mrs.,Stephanie,Scott,6,1,1935,Stephanie.Scott@LgcN.org
1788,Sir,Jay,Rodriguez,20,2,1963,Jay.Rodriguez@Hr5x4ouEdmX2u.edu
1811,Dr.,Howard,Wilson,2,11,1930,Howard.Wilson@s.edu
1818,Sir,Nathan,Hyatt,14,11,1957,Nathan.Hyatt@n8yKdzs7Kjle2bf.org,
1831,,Romero,18,2,NULL,Bridgett.Romero@L9Z68QCpXkoL.com,
1889,Mr.,Randy,Penn,18,6,1971,Randy.Penn@QLUMA4gtLD9c0I.edu
1909,Ms.,Ella,Bell,7,4,1925,Ella.Bell@3mM.org
1935,Miss,Anita,Coleman,16,10,1970,Anita.Coleman@RFQ2Jy4X4UcisF.com,
1943,Mr.,Michael,Martin,1,10,1937,Michael.Martin@x.edu,
1944,Sir,Melvin,Dunbar,26,12,1951,Melvin.Dunbar@ih62B.com
1987,Dr.,Stephanie,Gonzales,4,1,1953,Stephanie.Gonzales@ft.com
1998,Mr.,Marcos,Loyd,19,1,1934,Marcos.Loyd@DcbHT.com
2012,,Holt,16,9,NULL
2013,Dr.,Debra,Peterson,12,2,1980,Debra.Peterson@lPnp320YYQt6MS.edu
2043,Mrs.,Anthony,Wagner,22,3,1980,Anthony.Wagner@JcjRA4VsF16LmO.org
2060,Sir,Gary,Rivera,25,11,1982,Gary.Rivera@EYd5cSgiE.edu
2080,Dr.,Timothy,Patterson,6,4,1956,Timothy.Patterson@siLbx3.edu,
2096,Dr.,Joseph,Wright,11,9,1933,Joseph.Wright@KL6sLBm2.edu,
2101,Sir,Kevin,Creamer,9,3,1977,Kevin.Creamer@Rgn.com
2109,Miss,Rachel,Gunn,8,8,1944,Rachel.Gunn@VeAp99kjneFYU.com
2192,Dr.,John,Rodriguez,1,2,1981,John.Rodriguez@Dmkiq730K.com,
2206,Sir,Troy,Joyner,15,3,1967,Troy.Joyner@pAhB5rJqmqTpJ.com
2246,Dr.,Evelyn,Johnson,1,7,1929,Evelyn.Johnson@nVmFgBHfD0mC3g.com
2269,Sir,Walter,Austin,29,7,1986,Walter.Austin@DVuxqOZGOYDv8J.com,
2298,Mr.,Isiah,Langley,8,11,1952,Isiah.Langley@o3MVb4.org
2315,,Chad,Price,20,6,NULL,Chad.Price@szIFYDqyI5.edu
2332,Ms.,Lila,Barrera,13,1,1978,Lila.Barrera@RfxxUbRGKg.org
2338,Sir,Larry,Mueller,1,3,1941,Larry.Mueller@rPfh8L28Pz.edu,
2356,Sir,Victor,Roberts,8,1,1958,Victor.Roberts@IBv8Yl7jcyTnvk48Gl.edu
2359,Mr.,Robert,Booker,18,7,1969,Robert.Booker@li9XvJPNT35v9E0X.edu,
2413,Sir,Evan,Peterson,10,11,1978,Evan.Peterson@hHUXR4LyPhAuX.org
2423,Sir,Paul,Byrne,24,10,1964,Paul.Byrne@9KO8K0.com
2446,Dr.,Paul,Williams,17,8,1964,Paul.Williams@JCv4KarUEt0x3ZXEN.edu
2459,Mr.,Thomas,Dixon,6,1,1965,Thomas.Dixon@dO.org
2480,Mr.,Brian,Jackson,21,9,1940,Brian.Jackson@urjsXdGH3dH.org
2524,Dr.,John,Naquin,8,8,1940,John.Naquin@aL7pb3KQnCfD9cEj.edu,
2541,Ms.,Ming,Vargas,24,11,1973,Ming.Vargas@JaZJBPUHsTTz0.org
2642,Mrs.,Albert,Walton,11,3,1933,Albert.Walton@XklpBNJJnm4Xj68HtZ.edu,
2657,Ms.,Lillian,Whitcomb,27,7,1958,Lillian.Whitcomb@kCTohJegdYQKCFIrjFJ.edu,
2659,Mr.,James,Mattos,29,5,1986,James.Mattos@1pTy.org
2680,Mr.,Lance,Clark,29,9,1952,Lance.Clark@X813aeaLUU.edu,
2714,Dr.,Ricardo,Mahoney,16,6,1983,Ricardo.Mahoney@MeipS.edu
2741,Ms.,,Bridges,NULL,NULL,1928,Aaron.Bridges@dJSLdFZ8.org,
2761,Sir,Jack,Cuevas,12,10,1955,Jack.Cuevas@tQJiG.org
2780,Sir,Matthew,Dunn,2,8,1929,Matthew.Dunn@zDApF.org,
2822,Mrs.,Edna,Hall,12,8,1940,Edna.Hall@tjAExX2dO3GMVKS.org
2969,,,NULL,8,1981
3083,Mr.,Patrick,Roberts,25,2,1931,Patrick.Roberts@10cFT9gHQD.edu,
3101,Mr.,Paul,Jones,12,10,1931,Paul.Jones@Cd.edu
3123,Ms.,Sabrina,Leary,9,4,1966,Sabrina.Leary@Cnbi.com,
3141,Dr.,Edward,Clark,9,3,1936,Edward.Clark@NBm5.org
3157,Ms.,Lue,Doherty,9,6,1956,Lue.Doherty@NsmEH8xq.org
3191,Mrs.,Beverly,Jackson,11,3,1958,Beverly.Jackson@SpvQ.edu
3269,Ms.,Grace,Dawson,5,10,1955,Grace.Dawson@4dIjvNN.edu
3352,Miss,Heidi,Lopez,3,10,1940,Heidi.Lopez@9toeCQqyad.org,
3357,Ms.,Sheila,Haynes,23,8,1931,Sheila.Haynes@7jip8pR.edu
3393,,,27,5,1951
3402,Mrs.,Laura,Lucas,22,10,1960,Laura.Lucas@jQMhaSelKyL1.edu,
3416,Sir,Jeromy,Landry,15,1,1925,Jeromy.Landry@lsEh.com,
3441,Miss,Ida,Alvarez,3,6,1970,Ida.Alvarez@fZy3MQqZt9h.edu
3488,Dr.,Ricky,Hunt,26,11,1933,Ricky.Hunt@I9N.edu,
3497,Dr.,Erick,Varner,19,3,1956,Erick.Varner@qt67uYJauqXyqJH.edu,
3519,Mr.,George,Wheaton,26,7,1961,George.Wheaton@1MdI1g89.org
3566,Miss,Vicenta,Valdez,20,9,1935,Vicenta.Valdez@HoZL.com
3584,Dr.,Christopher,Ayers,8,10,1956,Christopher.Ayers@sfhVCt4O2SG.edu
3616,Dr.,Marguerite,Oakley,25,9,1945,Marguerite.Oakley@Zdso.org,
3637,Dr.,Danny,Ireland,30,4,1957,Danny.Ireland@5UAr.com,
3707,Miss,Rebecca,Stinson,29,9,1947,Rebecca.Stinson@U9RlbrA5k1H.com
3728,Dr.,Mattie,Stanley,9,7,1928,Mattie.Stanley@0tPym2HaVug.org,
3816,Dr.,Bob,Mendoza,1,10,1942,Bob.Mendoza@bB8u5XIbgVF9.edu,
3883,Mr.,Daniel,Collier,16,5,1934,Daniel.Collier@XF1rFOlXb31kD.com,
3938,Mr.,Hugh,Sims,16,6,1982,Hugh.Sims@kuBZn.edu
3942,Sir,Kenneth,Burdette,18,8,1984,Kenneth.Burdette@Jr5lsBI51R.edu
3943,Dr.,David,Randall,25,4,1939,David.Randall@OYzTzP18JdICD2.edu,
3944,Mr.,Jeffery,Wells,21,7,1966,Jeffery.Wells@3mCDYNs.edu
3979,Miss,Christine,Smith,16,10,1972,Christine.Smith@CcH4PtdrO6qI3OQyf.edu
